<?xml version="1.0" encoding="UTF-8"?>
<project-private xmlns="http://www.netbeans.org/ns/project-private/1">
    <editor-bookmarks xmlns="http://www.netbeans.org/ns/editor-bookmarks/2" lastBookmarkId="0"/>
    <open-files xmlns="http://www.netbeans.org/ns/projectui-open-files/2">
        <group>
            <file>file:/C:/Users/UR%20SYSTEM%20ADMIN/Documents/NetBeansProjects/JDBC_LAB/src/jdbc_lab/JDBC_UI.java</file>
            <file>file:/C:/Users/UR%20SYSTEM%20ADMIN/Documents/NetBeansProjects/JDBC_LAB/src/jtable/db/Updater.java</file>
            <file>file:/C:/Users/UR%20SYSTEM%20ADMIN/Documents/NetBeansProjects/JDBC_LAB/src/jtable/db/DBUpdater.java</file>
        </group>
    </open-files>
</project-private>
